{"cameraMode":{"drawMode":0,"name":"Shaded","section":"Shading Mode"},"sceneLighting":true,"audioPlay":false,"sceneViewState":{"m_AlwaysRefresh":false,"showFog":true,"showSkybox":false,"showFlares":true,"showImageEffects":true,"showParticleSystems":true,"showVisualEffectGraphs":true,"m_FxEnabled":true},"in2DMode":false,"pivot":{"x":2.9999637603759767,"y":3.8400001525878908,"z":19.839385986328126},"rotation":{"x":0.1921406239271164,"y":-0.24012239277362824,"z":0.04855060949921608,"w":0.950299859046936},"size":29.09828758239746,"orthographic":false}