{"cameraMode":{"drawMode":0,"name":"Shaded","section":"Shading Mode"},"sceneLighting":false,"audioPlay":false,"sceneViewState":{"m_AlwaysRefresh":false,"showFog":true,"showSkybox":false,"showFlares":true,"showImageEffects":true,"showParticleSystems":true,"showVisualEffectGraphs":true,"m_FxEnabled":true},"in2DMode":false,"pivot":{"x":0.5004997253417969,"y":1.4788074493408204,"z":0.7014591693878174},"rotation":{"x":0.04434981197118759,"y":0.03895140811800957,"z":-0.0017302725464105607,"w":0.9982544183731079},"size":6.349101543426514,"orthographic":false}